Benchmark,n_in,n_out,FID_style,KS_rejects_topk,KS_min_p,KS_med_p
ai2_arc,377,405,0.676404,0,0.1701,0.6483
gsm8k,338,310,0.687034,0,0.0301,0.4184
mmlu,20,20,1.092769,0,0.1745,0.7017
